corto,sha,fecha,mes,hora,dia_semana,autor,correo,es_merge,es_fallo,es_instruccion_natural,asunto_largo,asunto_truncado,ficheros,lineas_add,lineas_del,asunto
f2839bc3,f2839bc33331c39937504486e6ac0d8faad3b3f8,2025-12-10 01:12,2025-12,1,3,Firebase Studio,noreply@firebase.studio,false,false,false,42,false,57,18483,0,Initialized workspace with Firebase Studio
5bbcc69e,5bbcc69ef3d451610b6c29657325e61019fda024,2026-01-14 21:50,2026-01,21,3,Josue Glez,federico01xdz@gmail.com,false,false,false,17,false,19,766,49,Initial prototype
5a43cafe,5a43cafe50e56630bb0950b6e8dc7276e8bbe711,2026-01-14 22:13,2026-01,22,3,Josue Glez,federico01xdz@gmail.com,false,false,true,72,true,1,7,10,Cuando se le de clic redireccionalo a la pagina: /login (_for element <B
354f2d07,354f2d079d86ae5b93b64c194cd7d00009a100de,2026-01-14 22:14,2026-01,22,3,Josue Glez,federico01xdz@gmail.com,false,false,true,72,true,3,63,23,"Haz el filtro por imagenes, videos y all (_for element <Primitive.button"
be12d9fd,be12d9fd14bfddc21c052dfe0b19d4eb2601aa1d,2026-01-14 22:15,2026-01,22,3,Josue Glez,federico01xdz@gmail.com,false,false,false,72,true,2,142,25,cuando se le de clic envialo a una nueva pantalla de detalles del prompt
20cee530,20cee530387810e78aa5ff089fe8ab0565476d08,2026-01-14 22:18,2026-01,22,3,Josue Glez,federico01xdz@gmail.com,false,false,false,60,false,3,245,72,Detalla el prompt de esta forma de la iamgen en los detalles
2ad54dc0,2ad54dc0b25d1b92191b6b757b50ee5bdc32090c,2026-01-14 22:20,2026-01,22,3,Josue Glez,federico01xdz@gmail.com,false,false,true,71,false,1,10,6,Cuando se le de clic redireccionalo a la pagina del login (_for element
58a1e844,58a1e8443464060d1e3e41d06b183bbfcbd2a91a,2026-01-14 22:21,2026-01,22,3,Josue Glez,federico01xdz@gmail.com,false,false,false,72,true,1,3,0,"Cuando se le de clic al icono del corazon, envialo a la pagina del login"
4e37ab51,4e37ab511d92b93786c5f5d267a0b5b28581201a,2026-01-14 22:22,2026-01,22,3,Josue Glez,federico01xdz@gmail.com,false,false,false,72,true,3,147,0,Agrega este apartado y componentes despues del div: Generate Your Next V
0444ba90,0444ba90e4161aecf0025e9d8f0efd0092128dda,2026-01-14 22:23,2026-01,22,3,Josue Glez,federico01xdz@gmail.com,false,false,false,68,false,1,56,38,Cambia el diseño de las imagenes y videos de la galeria a esta forma
67130323,67130323e8ba6109865eb219d748472ecb8da03e,2026-01-14 22:24,2026-01,22,3,Josue Glez,federico01xdz@gmail.com,false,false,false,40,false,2,77,0,Cambialo o separalo a ejemplos de videos
665ca6ee,665ca6ee8e540dfd40feadf7deeab36720fef934,2026-01-14 22:26,2026-01,22,3,Josue Glez,federico01xdz@gmail.com,false,false,false,52,false,1,62,0,Abajo de los videos agrega los ejemplos de imagenes:
0488d65b,0488d65b6a0d71b5ec5d8a9edea71bcb3f7b2c5d,2026-01-14 22:27,2026-01,22,3,Josue Glez,federico01xdz@gmail.com,false,false,false,49,false,2,88,0,Abajo de imagenes agrega las preguntas frecuentes
b9ca109c,b9ca109c5a06f163992568e718c5fffbce2b982a,2026-01-14 22:27,2026-01,22,3,Josue Glez,federico01xdz@gmail.com,false,false,false,57,false,2,113,19,Y en el pide de pagina cambia la estructura a esta forma:
f1532709,f1532709fe0d55fc4b7b36d19f9eb3d058a183d1,2026-01-14 22:29,2026-01,22,3,Josue Glez,federico01xdz@gmail.com,false,false,true,34,false,6,17,17,Prompt Studio (_for element span_)
1c8bb81e,1c8bb81e209e44b17ad844748c2fec66f0da736a,2026-01-14 22:30,2026-01,22,3,Josue Glez,federico01xdz@gmail.com,false,false,true,61,false,2,79,1,Crea 6 videos mas de ejemplos (_for element <VideoExamples>_)
ea2a652a,ea2a652a919be63e45ccb8f69ef51d259120c107,2026-01-14 22:32,2026-01,22,3,Josue Glez,federico01xdz@gmail.com,false,false,false,72,true,2,81,1,Agrega otros 6 ejemplos de imagenes adicionales a las que ya existen (_f
abd655ce,abd655ce2724331a6e09fa12cb1ecc90026c6dec,2026-01-14 22:35,2026-01,22,3,Josue Glez,federico01xdz@gmail.com,false,false,false,72,true,5,192,13,Cuando se le de clic a: Use this prompt crea una pantalla donde se encue
578c9763,578c97635702cf4a1ae228a1b41ea431dcf58805,2026-01-14 22:39,2026-01,22,3,Josue Glez,federico01xdz@gmail.com,false,false,false,36,false,1,9,1,crea un boton de back en esta pagina
5e9755eb,5e9755eb242154fbcc9b0e9113e9d2af5628984b,2026-01-14 22:40,2026-01,22,3,Josue Glez,federico01xdz@gmail.com,false,false,true,71,false,2,13,11,Cambia este buscador arriba de: Generate Your Next Vision (_for element
aeafc3c5,aeafc3c55776579cc8c7f3b1e10d1ca179ef98d0,2026-01-14 22:40,2026-01,22,3,Josue Glez,federico01xdz@gmail.com,false,false,false,28,false,1,103,4,Agrega estos nombres al menu
f5c89a68,f5c89a68b56d03654b445003f9d4ed8622249f97,2026-01-14 22:41,2026-01,22,3,Josue Glez,federico01xdz@gmail.com,false,false,false,9,false,1,2,3,centralos
42c4d00d,42c4d00d2629030d70c797b9435510a6132b861f,2026-01-14 22:41,2026-01,22,3,Josue Glez,federico01xdz@gmail.com,false,false,false,31,false,1,60,19,Agrega estos submenus a Explore
2aa824a1,2aa824a1054e0847fd3d5ee6345ad145102409ae,2026-01-14 22:42,2026-01,22,3,Josue Glez,federico01xdz@gmail.com,false,false,false,35,false,1,4,7,Agrega estas opciones a: My Library
f8752115,f87521155cb8639ff07a2f7a77cc33f40de3e219,2026-01-15 04:08,2026-01,4,4,Josue Glez,federico01xdz@gmail.com,false,false,false,61,false,3,296,1,cuando se le de clic a Video Prompts crea esta pantalla nueva
be5b9714,be5b9714cc4946609edfb564c9d237bb52d66dd8,2026-01-15 04:10,2026-01,4,4,Josue Glez,federico01xdz@gmail.com,false,false,false,61,false,2,184,1,cuando se le de clic a Image Prompts crea esta pantalla nueva
7a6a1265,7a6a1265ee811a6bc0c47363418e8d4e8ec43d8b,2026-01-15 04:12,2026-01,4,4,Josue Glez,federico01xdz@gmail.com,false,false,false,72,true,1,159,0,"agrega estos prompts a la lista de prompt a esta pagina, /image-prompts:"
47a25d31,47a25d31af5efd2d3aeddb2b3c8917dd5dfce10d,2026-01-15 04:14,2026-01,4,4,Josue Glez,federico01xdz@gmail.com,false,false,false,72,true,1,157,2,"agrega estos prompts a la lista de prompt a esta pagina, /image-prompts:"
8f5acf5b,8f5acf5bd3a11ba54e0f3f7fac13277540156344,2026-01-15 04:16,2026-01,4,4,Josue Glez,federico01xdz@gmail.com,false,false,false,72,true,1,167,6,"agrega estos prompts a la lista de prompt a esta pagina, /image-prompts:"
00a48133,00a481330697077773a3283a13dac448ce6acbf7,2026-01-15 04:22,2026-01,4,4,Josue Glez,federico01xdz@gmail.com,false,false,false,72,true,1,124,17,"agrega estos prompts a la lista de prompt a esta pagina, /image-prompts:"
8058afbb,8058afbb7c4d1c040620eb30ec81227d49190f86,2026-01-15 04:27,2026-01,4,4,Josue Glez,federico01xdz@gmail.com,false,false,false,72,true,1,172,11,"agrega estos prompts a la lista de prompt a esta pagina, /image-prompts:"
06ef9301,06ef9301015b7923ffbe00c569e3d03301d66709,2026-01-15 04:30,2026-01,4,4,Josue Glez,federico01xdz@gmail.com,false,false,false,72,true,1,301,109,"agrega estos prompts a la lista de prompt a esta pagina, /image-prompts:"
b27510af,b27510afd6f863acff483d59dc876149ba58471e,2026-01-15 04:34,2026-01,4,4,Josue Glez,federico01xdz@gmail.com,false,false,false,72,true,1,143,5,"agrega estos prompts a la lista de prompt a esta pagina, /image-prompts:"
098fd7f6,098fd7f64a8aa0367ce85ae9e824487e83ece2d5,2026-01-15 04:38,2026-01,4,4,Josue Glez,federico01xdz@gmail.com,false,false,true,68,false,2,116,32,Centra la paginación de 10 en 10 (_for element <PaginationContent>_)
166aadd4,166aadd46eb586b7fa8a0df6f9781d9b664e7322,2026-01-15 04:45,2026-01,4,4,Josue Glez,federico01xdz@gmail.com,false,false,false,72,true,1,143,0,"agrega estos prompts a la lista de prompt a esta pagina, /video-prompts:"
04f90062,04f90062d52b3c48d3a24462ee5f42f5e0cfe3c5,2026-01-15 04:51,2026-01,4,4,Josue Glez,federico01xdz@gmail.com,false,false,false,72,true,1,75,0,"agrega estos prompts a la lista de prompt a esta pagina, /video-prompts:"
34c5abf0,34c5abf01ea278e217afa1276708a8a42003e948,2026-01-15 04:57,2026-01,4,4,Josue Glez,federico01xdz@gmail.com,false,false,false,72,true,1,164,20,"agrega estos prompts a la lista de prompt a esta pagina, /video-prompts:"
6ea2c840,6ea2c840ce13fc3e614f97fadd650e9348684db8,2026-01-15 05:03,2026-01,5,4,Josue Glez,federico01xdz@gmail.com,false,false,false,72,true,1,1,1,"agrega estos prompts a la lista de prompt a esta pagina, /video-prompts:"
1907c427,1907c427ad7b2d4b34076805444b79c385cbfa85,2026-01-15 05:10,2026-01,5,4,Josue Glez,federico01xdz@gmail.com,false,false,false,72,true,1,78,0,"agrega estos prompts a la lista de prompt a esta pagina, /video-prompts:"
d71aed3b,d71aed3b8d29f608c327f3743f04a9ccb3dcc1c6,2026-01-15 05:17,2026-01,5,4,Josue Glez,federico01xdz@gmail.com,false,false,false,72,true,1,78,0,"agrega estos prompts a la lista de prompt a esta pagina, /video-prompts:"
2842ca04,2842ca04c2639a029fe76889ed0fd09f8e7f1421,2026-01-15 05:40,2026-01,5,4,Josue Glez,federico01xdz@gmail.com,false,true,false,35,false,1,7,6,soluciona este error: Console Error
ed851c1e,ed851c1e6cae4fb688c08b9afaab72fa68a38297,2026-01-15 05:42,2026-01,5,4,Josue Glez,federico01xdz@gmail.com,false,false,false,25,false,13,1180,0,Set up a Firebase backend
4c7bdb65,4c7bdb654691240bad6582e6ff41ed0a7fd5b7db,2026-01-15 05:43,2026-01,5,4,Josue Glez,federico01xdz@gmail.com,false,false,false,12,false,4,118,53,File changes
60b41ca9,60b41ca94d1d5989906450c325cf4179da7a9a3a,2026-01-15 05:48,2026-01,5,4,Josue Glez,federico01xdz@gmail.com,false,false,false,69,false,2,299,1,Crea esta nueva pantalla de la imagen cuando se le de clic a pricing:
925c719a,925c719aff845877ae16d01eb71e033be28c8076,2026-01-15 05:50,2026-01,5,4,Josue Glez,federico01xdz@gmail.com,false,false,true,67,false,1,116,3,Agrega un filtro al final de 10 en 10 (_for element <ContentGrid>_)
e052c5d7,e052c5d7a105287d066a89f689fbaf3885c252f3,2026-01-15 05:51,2026-01,5,4,Josue Glez,federico01xdz@gmail.com,false,false,true,55,false,1,167,37,Agrega un filtro al final de 9 en 9 (_for element div_)
bfef12ba,bfef12ba7e72b604601d3a1d1fb21fcd99d85eda,2026-01-15 05:52,2026-01,5,4,Josue Glez,federico01xdz@gmail.com,false,false,true,56,false,1,164,34,Agrega un filtro al final de 9 en 9  (_for element div_)
e8c9e391,e8c9e391fe7073bfb37db17166455cc5438d156c,2026-01-15 05:53,2026-01,5,4,Josue Glez,federico01xdz@gmail.com,false,true,false,72,true,1,2,2,Try fixing this error: `Console Error: ReactDOM.useFormState has been re
d8389fb2,d8389fb2ea1d228dafab61c4d4a2f7ab52ea601c,2026-01-15 05:55,2026-01,5,4,Josue Glez,federico01xdz@gmail.com,false,true,false,72,true,1,2,2,Try fixing this error: `Console Error: A tree hydrated but some attribut
6f3654cd,6f3654cde1846719505936b76b3117045ce07d60,2026-01-15 05:56,2026-01,5,4,Josue Glez,federico01xdz@gmail.com,false,false,false,72,true,1,2,2,comenta este componente para que no se muestre en la pagina (_for elemen
c85b2f74,c85b2f7483ec7dbd4ce8f0e90d67a09c189d08f2,2026-01-15 05:57,2026-01,5,4,Josue Glez,federico01xdz@gmail.com,false,false,true,43,false,1,0,10,remueve este buscador (_for element input_)
b72054ec,b72054ecf626fe8d3899449412d3b3b082ce5bd2,2026-01-15 05:59,2026-01,5,4,Josue Glez,federico01xdz@gmail.com,false,false,true,68,false,1,58,194,Deja solo 9 ejemplos y quita el filtro (_for element <ContentGrid>_)
34154910,34154910b4ff64a38a3594696d11eb2dd0188fd5,2026-01-15 05:59,2026-01,5,4,Josue Glez,federico01xdz@gmail.com,false,false,true,58,false,1,3,115,Deja solo 9 ejemplos y quita el filtro (_for element div_)
350fe312,350fe31228da84f1081a3e4c83629ba3f63960eb,2026-01-15 06:00,2026-01,6,4,Josue Glez,federico01xdz@gmail.com,false,false,true,58,false,1,4,116,Deja solo 9 ejemplos y quita el filtro (_for element div_)
b56cacd6,b56cacd676436c2c0e863359f27c189456a1f7a6,2026-01-15 06:02,2026-01,6,4,Josue Glez,federico01xdz@gmail.com,false,false,true,42,false,1,1,1,Muestra de 18 ejemplos (_for element div_)
59be3b55,59be3b5519e7dfcb1ee73f125a2819caf5b227fc,2026-01-15 06:03,2026-01,6,4,Josue Glez,federico01xdz@gmail.com,false,false,true,42,false,1,1,1,Muestra de 18 ejemplos (_for element div_)
9dacb8c7,9dacb8c7d64f86d2a6a3f7e338c808d1e47b012b,2026-01-15 06:12,2026-01,6,4,Josue Glez,federico01xdz@gmail.com,false,false,false,72,true,1,37,3,crea estas instrucciones: Install dependencies Run npx nypm i in the roo
4a2f3055,4a2f30551ef6246a68d526937e212270595c8617,2026-01-15 06:13,2026-01,6,4,Josue Glez,federico01xdz@gmail.com,false,false,false,72,true,1,10,1,agrega este environment: KINDE_CLIENT_ID=e2d1ff2d40c54b10b2ab450a8f38240
b18d7be6,b18d7be6caed18ef88cd331c559634fc10d62aab,2026-01-15 06:14,2026-01,6,4,Josue Glez,federico01xdz@gmail.com,false,false,false,72,true,1,26,6,sigue estos pasos: Kinde Starter Kit - NextJS with full App Router suppo
e1ca922e,e1ca922e2f0c70e422bc8dc414a807e537f258f3,2026-01-15 06:15,2026-01,6,4,Josue Glez,federico01xdz@gmail.com,false,false,false,72,true,1,8,1,sigue estos pasos: Setup Kinde Within your back-end web application upda
faf5c337,faf5c3376815d7953e64085a881d01328de34762,2026-01-15 06:19,2026-01,6,4,Josue Glez,federico01xdz@gmail.com,false,false,false,72,true,3,1312,58,crea este edpoint: API endpoints Create the following file src/app/api/a
9a83a58d,9a83a58d1a46b66b1c804c014015863116806fb4,2026-01-15 06:21,2026-01,6,4,Josue Glez,federico01xdz@gmail.com,false,false,false,72,true,1,10,10,Add sign up and sign in buttons The SDK ships with <LoginLink> and <Regi
e5c07cd5,e5c07cd5c0729c6fc980301ee896375d34343212,2026-01-15 06:24,2026-01,6,4,Josue Glez,federico01xdz@gmail.com,false,false,true,72,true,1,52,11,Cuando se le de clic envialo al componente LoginLink (_for element <w>_)
cd291648,cd291648a3b8027d5130095e90d938500703c1f3,2026-01-15 06:26,2026-01,6,4,Josue Glez,federico01xdz@gmail.com,false,false,true,69,false,2,5,8,Cuando se le de clic envialo a la pagina de login (_for element <w>_)
64c4482a,64c4482a7a0779d982ff224880120eda1eb65e29,2026-01-15 06:30,2026-01,6,4,Josue Glez,federico01xdz@gmail.com,false,true,false,72,true,4,173,161,Try fixing this error: `Console Error: A tree hydrated but some attribut
e9a39b87,e9a39b87a4ef407830de27da19e7fd39c2af2fdb,2026-01-15 06:31,2026-01,6,4,Josue Glez,federico01xdz@gmail.com,false,false,false,48,false,1,203,122,Haz la pagina para soportar dispositivos moviles
c6968d2b,c6968d2b7726b5ede0e8eb67560089d6d1abce9a,2026-01-16 02:27,2026-01,2,5,Josue Glez,federico01xdz@gmail.com,false,false,false,72,true,1,15,2,"agrega este prompts a la lista de esta pagina, /image-prompts: {   ""prom"
41de8ee1,41de8ee1ec2b6c8ca50998b6667ad242fb94c3e1,2026-01-16 02:49,2026-01,2,5,Josue Glez,federico01xdz@gmail.com,false,false,false,72,true,1,51,25,divide el tab y agrega las imagenes que correspondan a nano banana cuand
a598a462,a598a462cca463375cbc50c79021574fbd9e8352,2026-01-16 02:55,2026-01,2,5,Josue Glez,federico01xdz@gmail.com,false,false,false,71,false,1,12,1,"agrega este prompt a la lista de esta pagina al tab de nano babana pro,"
70524de1,70524de10019e7781d4842ff6652e52a5c65d35b,2026-01-16 05:51,2026-01,5,5,Josue Glez,federico01xdz@gmail.com,false,false,false,72,true,3,8,14,cuando se le de clic al boton envialo a la pagina del login (_for elemen
0cfd3062,0cfd3062b0bc0ef09ecc4406a3268641e63cd467,2026-01-21 23:46,2026-01,23,3,Joshuesito,jggjosue@gmail.com,false,false,false,23,false,2,341,0,add: se agrega un icono
ed5343f6,ed5343f69151ebd557a50b5467cdfebe452d4cfc,2026-01-22 06:54,2026-01,6,4,Josue Glez,federico01xdz@gmail.com,false,false,true,41,false,1,0,4,Quita este boton (_for element <Button>_)
c67505e3,c67505e3d91069583810b986acea39c532df3799,2026-01-22 06:56,2026-01,6,4,Josue Glez,federico01xdz@gmail.com,false,false,true,72,true,1,2,0,Haz que se muestre tambien el menu (_for element <PromptEditorContent>_)
49b79f04,49b79f04925822f80fc89236140a96c36febc82e,2026-01-22 06:56,2026-01,6,4,Josue Glez,federico01xdz@gmail.com,false,false,true,61,false,1,3,1,Agrega el pie de pagina (_for element <PromptEditorContent>_)
591cea9a,591cea9afce34e9c0325e9f73ca59e7d29ec0952,2026-01-22 07:01,2026-01,7,4,Josue Glez,federico01xdz@gmail.com,false,false,true,46,false,1,0,8,quita el boton (_for element <LinkComponent>_)
f604b8b1,f604b8b1459b631da6f4e712228b7dcd4349566e,2026-01-22 07:04,2026-01,7,4,Josue Glez,federico01xdz@gmail.com,false,false,true,57,false,5,250,102,genera la imagen de acuerdo al prompt (_for element img_)
e2fb27ed,e2fb27eda8e8a60cf61d9b88537ca4bd461d73a3,2026-01-22 07:15,2026-01,7,4,Josue Glez,federico01xdz@gmail.com,false,true,false,72,true,4,7,5,"I see this error with the app, reported by NextJS, please fix it. The er"
2f0d9999,2f0d9999daab1eabedeecceb6869961d352369d9,2026-01-22 07:26,2026-01,7,4,Josue Glez,federico01xdz@gmail.com,false,false,false,72,true,1,1,1,"general al imageUrl de este json: {       ""id"": ""168"",       ""title"": ""A"
addb9099,addb9099ab7ab3025b191872f4ef6dc781b6ee45,2026-01-22 07:41,2026-01,7,4,Josue Glez,federico01xdz@gmail.com,false,false,false,72,true,1,3,20,"me puedes generar una url como esta, https://images.unsplash.com/photo-1"
b94235a0,b94235a0a31979865375df73bb63b1029dde9fbf,2026-01-22 18:44,2026-01,18,4,Josue Glez,federico01xdz@gmail.com,false,false,false,72,true,1,14,0,agrega este tag a la pagina: <!-- Google tag (gtag.js) --> <script async
f780076c,f780076c77ccbd5ae504e47cd5caf985dc6fee1f,2026-01-22 19:41,2026-01,19,4,Josue Glez,federico01xdz@gmail.com,false,false,true,56,false,1,2,2,Cambia el correo a: hi@prompstudio.com (_for element a_)
ff36505a,ff36505a2d472c5aba17b735465f050cebd59b13,2026-02-02 17:20,2026-02,17,1,Josue Glez,federico01xdz@gmail.com,false,false,false,72,true,1,5,0,Copia y pega el código de AdSense entre las etiquetas <head> y </head> d
9d9f19bf,9d9f19bfa77b955fa381ea7a87497846e8089e9d,2026-02-02 17:36,2026-02,17,1,Josue Glez,federico01xdz@gmail.com,false,false,true,41,false,1,2,2,Comentar este espacio (_for element div_)
7e985282,7e985282995f299af0c88fa751fd11149ba21485,2026-02-02 17:38,2026-02,17,1,Josue Glez,federico01xdz@gmail.com,false,false,true,53,false,1,2,2,Comentar este espacio (_for element <LinkComponent>_)
00d272cb,00d272cb3697fd8e1a586017bb8e527abf3e41be,2026-02-02 17:39,2026-02,17,1,Josue Glez,federico01xdz@gmail.com,false,false,true,53,false,1,4,4,Comentar este espacio (_for element <LinkComponent>_)
3847526f,3847526f58d36bfb6408460ffcdf7aa172ecc06c,2026-02-02 17:40,2026-02,17,1,Josue Glez,federico01xdz@gmail.com,false,false,true,53,false,1,4,4,Comentar este espacio (_for element <LinkComponent>_)
ef6e663c,ef6e663c5feda0fa5dc31f4d76f16277dfd530d7,2026-02-02 17:42,2026-02,17,1,Josue Glez,federico01xdz@gmail.com,false,false,true,42,false,1,2,2,Comentar este espacio (_for element span_)
3b44049d,3b44049d4f674860dee698b0a9d30bdf1bca7f27,2026-02-02 17:43,2026-02,17,1,Josue Glez,federico01xdz@gmail.com,false,false,true,41,false,1,2,2,Comentar este espacio (_for element div_)
2cdadfcc,2cdadfcce5664457bbcf544a1da5c09fd6beabee,2026-02-02 18:01,2026-02,18,1,Josue Glez,federico01xdz@gmail.com,false,false,true,41,false,1,2,2,Comentar este espacio (_for element div_)
718d168f,718d168f96e2d3fe01ebaed3527da69c3c4638f0,2026-02-02 11:09,2026-02,11,1,Joshuesito,jggjosue@gmail.com,false,false,false,14,false,1,3,0,add: gitignore
9123d771,9123d771ba33edd4ab3f9554f61fc93b58e372fc,2026-02-02 11:31,2026-02,11,1,Joshuesito,jggjosue@gmail.com,false,false,false,12,false,1,1,0,add: ads.txt
8e239b03,8e239b036c6968801725458eed92cd3049c13ca5,2026-02-02 18:12,2026-02,18,1,Josue Glez,federico01xdz@gmail.com,false,false,true,42,false,1,2,2,Comentar este espacio (_for element span_)
418d2516,418d251667f929412012516fc2b7a63fd64028b6,2026-02-02 18:14,2026-02,18,1,Josue Glez,federico01xdz@gmail.com,false,false,false,72,true,1,2,2,"descomenta la caja del prompt que estaba aqui, debajo del texto (_for el"
274d515c,274d515cbb6d5b6c24b267516749a9caf5bc1bb4,2026-02-02 18:15,2026-02,18,1,Josue Glez,federico01xdz@gmail.com,false,false,false,72,true,1,2,23,desabilita este boton para cuando se le de clic no funcione (_for elemen
cadac045,cadac045686bef9bba959c4d9dfc7b9d8439bc62,2026-02-02 18:17,2026-02,18,1,Josue Glez,federico01xdz@gmail.com,false,false,true,34,false,1,1,1,Centra el menu (_for element nav_)
7d77bc97,7d77bc97d2d5e5208d291584633138e25a79db56,2026-02-02 18:45,2026-02,18,1,Josue Glez,federico01xdz@gmail.com,false,false,false,10,false,0,0,0,add: Menus
f215f6d9,f215f6d9924d96c3c827771663d153978b0662a7,2026-02-02 11:52,2026-02,11,1,Joshuesito,jggjosue@gmail.com,false,false,false,12,false,1,6,0,add: graphql
1e7a57f7,1e7a57f7914cd936c778426869696c9a2a2a651b,2026-02-02 19:11,2026-02,19,1,Josue Glez,federico01xdz@gmail.com,false,false,false,72,true,1,1,0,"Para que tu sitio pueda mostrar anuncios, copia esta etiqueta HTML <meta"
cd2d4757,cd2d475717ac7c023a454d4127c89f947ddecc6f,2026-02-02 19:16,2026-02,19,1,Josue Glez,federico01xdz@gmail.com,false,true,false,72,true,2,5,0,Da solucion a este error: 2. Bloqueo por robots.txt Es posible que tenga
1fd2d033,1fd2d03315c5c80a8af0c3b5327b1627880e288c,2026-02-02 13:03,2026-02,13,1,Joshuesito,jggjosue@gmail.com,false,false,false,34,false,12,76,13,add: se agregan los nuevos cambios
07700335,07700335222511e0257e907cba5719dfba9fe917,2026-02-02 21:56,2026-02,21,1,Josue Glez,federico01xdz@gmail.com,false,false,true,55,false,1,21,10,Separa este menu por video e Image (_for element span_)
eb45b538,eb45b5384e3951fda71f6c83480cb6c8df04146c,2026-02-02 21:58,2026-02,21,1,Josue Glez,federico01xdz@gmail.com,false,false,true,63,false,1,21,10,agrega otro menu a la derecha que diga Tag (_for element span_)
22068625,22068625a3e579b969f8163aa0e41274370afcdf,2026-02-02 22:12,2026-02,22,1,Josue Glez,federico01xdz@gmail.com,false,true,false,72,true,1,3,3,Try fixing this error: `Console Error: ReactDOM.useFormState has been re
57b0ebe8,57b0ebe8b143ea0303cdbb9400f2f2558692cdcc,2026-02-02 23:25,2026-02,23,1,Josue Glez,federico01xdz@gmail.com,false,false,false,71,false,8,312,206,toma en cuenta la estructura del proyecto con esta información: Guía de
780d6e06,780d6e06650685d4ba825d37ff84ea189df08214,2026-02-02 23:29,2026-02,23,1,Josue Glez,federico01xdz@gmail.com,false,true,false,72,true,4,474,463,Try fixing this error: `Build Error: Ecmascript file had an error. Error
fd268e25,fd268e2575d5059c4d51bef9a00838ba94b5ee0a,2026-02-02 23:31,2026-02,23,1,Josue Glez,federico01xdz@gmail.com,false,true,false,72,true,2,218,217,Try fixing this error: `Build Error: Ecmascript file had an error. Error
fa38c124,fa38c1243cd6b9198fc3a80c10253fdb81dcb5da,2026-02-02 23:35,2026-02,23,1,Josue Glez,federico01xdz@gmail.com,false,false,false,71,false,5,5,5,toma en cuenta la estructura del proyecto con esta información:  Compru
9ea8a0ad,9ea8a0ad7e922ad44a5fcd28901a445a3587bc12,2026-02-02 23:39,2026-02,23,1,Josue Glez,federico01xdz@gmail.com,false,false,false,42,false,1,13,0,ingresa estas palabras reservadas al meta:
95ae5a7c,95ae5a7c648c939de86480b01a2adea695d39a17,2026-02-02 23:50,2026-02,23,1,Josue Glez,federico01xdz@gmail.com,false,false,false,71,false,1,4,0,ingresa estas palabras reservadas al meta para que mejore la indexación
e01d6675,e01d667501b2471cf3b419a54d15914da8f5d5dc,2026-02-02 23:52,2026-02,23,1,Josue Glez,federico01xdz@gmail.com,false,false,false,71,false,1,2,0,ingresa estas palabras reservadas al meta para que mejore la indexación
62f98c8b,62f98c8b3456d59b55abcc88420685a9b7474a8c,2026-02-02 23:53,2026-02,23,1,Josue Glez,federico01xdz@gmail.com,false,false,false,71,false,1,2,0,ingresa estas palabras reservadas al meta para que mejore la indexación
892bf917,892bf9170eca89ad46ce02716b48954dac0b3e49,2026-02-02 23:54,2026-02,23,1,Josue Glez,federico01xdz@gmail.com,false,false,false,71,false,1,5,0,ingresa estas palabras reservadas al meta para que mejore la indexación
e0126fef,e0126fef15f51fb5c270b4175c33befca1a831df,2026-02-02 23:56,2026-02,23,1,Josue Glez,federico01xdz@gmail.com,false,false,false,71,false,1,6,1,ingresa estas palabras reservadas al meta para que mejore la indexación
aa40b389,aa40b38989418a968236ade3942bfb7d3161e367,2026-02-02 23:57,2026-02,23,1,Josue Glez,federico01xdz@gmail.com,false,false,false,71,false,1,4,0,ingresa estas palabras reservadas al meta para que mejore la indexación
599e506c,599e506c373606155ee67356a5a03c22184af60b,2026-02-03 00:02,2026-02,0,2,Josue Glez,federico01xdz@gmail.com,false,false,false,48,false,6,253,51,agrega un dark and white a lado derecho del menu
eaefd3d5,eaefd3d5e434072fb97d801895c49bc8377df530,2026-02-03 00:05,2026-02,0,2,Josue Glez,federico01xdz@gmail.com,false,false,true,53,false,1,1,1,Desabilita este boton (_for element <LinkComponent>_)
9537137b,9537137bc2e1e96e9f7f0928ff78cc53e5b27553,2026-02-03 00:08,2026-02,0,2,Josue Glez,federico01xdz@gmail.com,false,false,false,72,true,4,5,5,desabilita el boton para que cuando se le de clic no responsa (_for elem
846287a1,846287a1fbb5928a3947a6b28dfb3b36249267c6,2026-02-03 00:16,2026-02,0,2,Josue Glez,federico01xdz@gmail.com,false,false,false,72,true,5,12,22,Deshabilita este botón para que cuando se le dé clic no responda (_for e
9222754f,9222754f36de14a03db0fe2c618d78b5f650d67f,2026-02-03 00:22,2026-02,0,2,Josue Glez,federico01xdz@gmail.com,false,false,false,72,true,7,19,55,Deshabilita este botón para que cuando se le dé clic no responda (_for e
a07c788e,a07c788ec5be2df12cda7233573ed9466f483640,2026-02-03 00:26,2026-02,0,2,Josue Glez,federico01xdz@gmail.com,false,false,false,72,true,3,10,16,"Deshabilita este botón que dice ""Nano Banana Pro"" y ""Generate a Video"" p"
1ed2ed15,1ed2ed1553d4bc69e607d0aa6ca660987421edfb,2026-02-03 00:28,2026-02,0,2,Josue Glez,federico01xdz@gmail.com,false,false,false,72,true,1,3,5,"Deshabilita este botón que dice ""Generate an Image"" para que cuando se l"
93ffe133,93ffe133b38693d8be80ef7ad1c2ae153fb3c3f4,2026-02-02 17:37,2026-02,17,1,Joshuesito,jggjosue@gmail.com,false,false,false,24,false,1,2,2,add: se cambia de titulo
0199f92e,0199f92e15e1fbe498255404003e8b4a08caf335,2026-02-02 17:48,2026-02,17,1,Joshuesito,jggjosue@gmail.com,false,false,false,39,false,6,191,8,add: se agregan las palabras reservadas
aa787959,aa787959a1300efcd35bdef51332b5a07b054866,2026-02-03 22:26,2026-02,22,2,Josue Glez,federico01xdz@gmail.com,false,false,false,47,false,4,12,8,haz que la pagina sea responsiva para celulares
7c634c4b,7c634c4b6e71bbb18962f3f12fb591c17f4abb45,2026-02-03 22:29,2026-02,22,2,Josue Glez,federico01xdz@gmail.com,false,true,false,72,true,1,26,15,Try fixing this error: `Console Error: `DialogContent` requires a `Dialo
87a21887,87a21887e4f48f0dd2c20231e4ebf2bf86c8a43d,2026-02-03 22:31,2026-02,22,2,Josue Glez,federico01xdz@gmail.com,false,false,false,63,false,2,4,4,"Haz que la pagina sea responsiva para celulares, /image-prompts"
16209d62,16209d62cdfdc058fea18e6822e9a8b0990a6412,2026-02-03 22:33,2026-02,22,2,Josue Glez,federico01xdz@gmail.com,false,false,false,63,false,1,3,3,"Haz que la pagina sea responsiva para celulares, /video-prompts"
ebc86dda,ebc86dda87055a138d3a6c9c9c72eb9030e17309,2026-02-03 22:35,2026-02,22,2,Josue Glez,federico01xdz@gmail.com,false,false,true,58,false,1,4,1,Agrega el corazon desactivado (_for element <CardFooter>_)
de6b062f,de6b062faff218f314ded10104d791b480b7d5a4,2026-02-03 22:37,2026-02,22,2,Josue Glez,federico01xdz@gmail.com,false,false,false,50,false,5,10,10,"Haz que la pagina sea responsiva para celulares, /"
eb6d2e71,eb6d2e718ee24dcbb91ffe67a1da9a8aff7140ff,2026-02-03 22:47,2026-02,22,2,Josue Glez,federico01xdz@gmail.com,false,false,false,72,true,4,25,25,"Haz los componentes responsivos para dispositivos moviles, celulares, ta"
8966f0d9,8966f0d9f50d5d461426803feb7e702618831995,2026-02-03 22:56,2026-02,22,2,Josue Glez,federico01xdz@gmail.com,false,false,true,54,false,9,93,95,Agrega el menu completo (_for element <HeaderClient>_)
11f2028e,11f2028ee9eeef4774d6ed1b1677c7b3899b9ece,2026-02-03 22:59,2026-02,22,2,Josue Glez,federico01xdz@gmail.com,false,false,false,24,false,8,20,102,quita este ultimo cambio
11a25715,11a25715667a19f82deb5f13e3be7a32888358d5,2026-02-03 23:00,2026-02,23,2,Josue Glez,federico01xdz@gmail.com,false,false,true,72,true,1,1,1,desactiva el boton para que no se le pueda dar clic (_for element <Butto
4be641f5,4be641f50956fa7556a9cb3e850b03829b7f0e12,2026-02-03 23:02,2026-02,23,2,Josue Glez,federico01xdz@gmail.com,false,false,true,72,true,2,3,3,desactiva el boton para que no se le pueda dar clic (_for element <LinkC
219e566a,219e566adcd641ed311ceee166413ef83ad33191,2026-02-03 23:05,2026-02,23,2,Josue Glez,federico01xdz@gmail.com,false,false,false,72,true,5,13,13,desactiva los botones de este tipo para que no se le pueda dar clic (_fo
0745ba58,0745ba58f23bfc8f5b4a427e34d1a26fe433b479,2026-02-03 23:10,2026-02,23,2,Josue Glez,federico01xdz@gmail.com,false,false,false,72,true,6,27,39,desactiva los botones de este tipo para que no se le pueda dar clic (_fo
2de65ef7,2de65ef778fb4f148175a15dcda8435272a407cb,2026-02-03 23:12,2026-02,23,2,Josue Glez,federico01xdz@gmail.com,false,false,false,72,true,1,5,7,desactiva el boton de este tipo para que no se le pueda dar clic (_for e
10035472,10035472397d96b66d4f7a7275558fd4ba5138df,2026-02-03 23:16,2026-02,23,2,Josue Glez,federico01xdz@gmail.com,false,false,false,72,true,1,3,5,desactiva el boton de este tipo para que no se le pueda dar clic (_for e
70e056b8,70e056b86b7039fe45c8b08a39da4cf278f696ba,2026-02-03 23:20,2026-02,23,2,Josue Glez,federico01xdz@gmail.com,false,false,false,72,true,1,109,12,Haz que cuando el puntero no este en el menu no se muestre el submenu (_
b3016d7d,b3016d7d821816c7d06807197adf2989d71b6810,2026-02-06 00:26,2026-02,0,5,Joshuesito,jggjosue@gmail.com,false,false,false,40,false,17,11567,1936,add: se agregan nuevos videos e imagenes
cdade54f,cdade54f2ef0b952a3e92aae7c2e5a4117b95a39,2026-02-06 07:36,2026-02,7,5,Josue Glez,federico01xdz@gmail.com,true,false,false,25,false,0,0,0,haz merge de la rama main
218fab6a,218fab6aedb07b2c3b6ac5048d2f65052b8a0ab9,2026-02-06 07:56,2026-02,7,5,Josue Glez,federico01xdz@gmail.com,false,false,true,72,true,5,29,70,Haz mas grande el tamaño horizontal de las imagenes  (_for element img_)
4968dd3f,4968dd3fbdcd43406702f1d5b6612b8258fbe087,2026-02-06 08:00,2026-02,8,5,Josue Glez,federico01xdz@gmail.com,false,false,false,24,false,5,40,26,quita este ultimo cambio
3069e895,3069e8951de0a703da22937d109d678866ce9659,2026-02-06 08:02,2026-02,8,5,Josue Glez,federico01xdz@gmail.com,false,false,false,58,false,5,6,6,Haz mas grande el tamaño vertical de las imagenes y videos
b50227ff,b50227ff1f5287b476ac02ae6c058a9be6bc5285,2026-02-06 08:06,2026-02,8,5,Josue Glez,federico01xdz@gmail.com,false,false,false,72,true,6,15,11,"Haz mas grande el tamaño horizontal de las imagenes nuevamente, al tamañ"
d2be490e,d2be490e354d014bd793e3f8f49bad0bad2b0e97,2026-02-06 08:09,2026-02,8,5,Josue Glez,federico01xdz@gmail.com,false,false,false,24,false,5,6,6,quita este ultimo cambio
396e15c7,396e15c7cb33d67d669bcbbfb81d3ca9c41e409c,2026-02-06 08:16,2026-02,8,5,Josue Glez,federico01xdz@gmail.com,false,false,false,47,false,2,2,2,Haz mas grande el tamaño vertical de los videos
60ecf59c,60ecf59c7a4e18d5bf1a9ee5ac990d9ac5e2a04c,2026-02-06 08:19,2026-02,8,5,Josue Glez,federico01xdz@gmail.com,false,false,true,51,false,1,2,2,comenta el codigo de este boton (_for element <w>_)
d1197238,d1197238ad6b22d63b660f6b2d3040752ad60192,2026-02-06 08:20,2026-02,8,5,Josue Glez,federico01xdz@gmail.com,false,false,true,51,false,1,2,2,comenta el codigo de este boton (_for element <c>_)
bba6ffd9,bba6ffd9d1194916aa6cbd6829d1a0cbff21290b,2026-02-06 08:21,2026-02,8,5,Josue Glez,federico01xdz@gmail.com,false,false,true,63,false,1,1,1,comenta el codigo de este boton (_for element <LinkComponent>_)
b7b6cec5,b7b6cec5030ca697b8a0125822057e5204556f59,2026-02-06 08:23,2026-02,8,5,Josue Glez,federico01xdz@gmail.com,false,false,true,34,false,1,2,2,centra el menu (_for element nav_)
9afd82d2,9afd82d2927671f7f72d7f224db732fd596926d4,2026-02-06 08:27,2026-02,8,5,Josue Glez,federico01xdz@gmail.com,false,false,true,72,true,6,15,31,desactiva todos los botones de este tipo (_for element <LinkComponent>_)
3fca5bba,3fca5bba17f782c293d55e6161291f6531afc48e,2026-02-06 01:35,2026-02,1,5,Joshuesito,jggjosue@gmail.com,false,false,false,18,false,2,2,2,add: se suben a 21
9d7a634b,9d7a634bee44c0982ede7909421b1ac0fa33d624,2026-02-06 18:48,2026-02,18,5,Josue Glez,federico01xdz@gmail.com,false,false,false,60,false,6,30,18,Habilita los botones de tienen el titulo de: Use this prompt
3a82a3ff,3a82a3ff92d4e3158174f84ec2fce5fad18853ab,2026-02-06 18:54,2026-02,18,5,Josue Glez,federico01xdz@gmail.com,false,false,false,72,true,6,6,6,Cuando se le de clic a este boton redireccionalo a este link en otra pes
87a58b99,87a58b9951eca0cbf9ddc20e84c0a44a5a258051,2026-02-06 18:59,2026-02,18,5,Josue Glez,federico01xdz@gmail.com,false,false,true,59,false,4,5,5,Haz las imagenes las largas en vertical (_for element img_)
a265bdfe,a265bdfe9181b28591cfddfe6f261eaf95122cd6,2026-02-06 19:39,2026-02,19,5,Josue Glez,federico01xdz@gmail.com,false,false,true,72,true,1,8,8,Cambia este componente hasta la parte inferior (_for element <LinkCompon
34b7840e,34b7840e4b7eb6ee06ef4af79c9207cdfb5c33d4,2026-02-06 19:41,2026-02,19,5,Josue Glez,federico01xdz@gmail.com,false,false,false,71,false,1,13,73,Habilita el boton de: generate Prompt y Cuando se le de clic redireccio
23603839,2360383927258480ff562f5e79dd5494555a5fec,2026-02-06 19:44,2026-02,19,5,Josue Glez,federico01xdz@gmail.com,false,false,false,72,true,1,47,1,"Carga este prompt en el campo: {       ""title"": ""Creativity and developm"
733344f3,733344f3510f8f438a99a69be86d7f3b7f4901bd,2026-02-06 19:49,2026-02,19,5,Josue Glez,federico01xdz@gmail.com,false,false,false,72,true,6,210,31,"Cada ves que se le de clic al corazón, contabilizalos y muestralos en la"
26279e84,26279e84908c9588d56a10a0757c2702fb54f5aa,2026-02-06 19:52,2026-02,19,5,Josue Glez,federico01xdz@gmail.com,false,false,false,31,false,6,7,13,y habilita el boton del corazón
1f4f8885,1f4f8885ca6b2dd29df6ffe5502f4596dd690edb,2026-02-06 19:55,2026-02,19,5,Josue Glez,federico01xdz@gmail.com,false,false,false,72,true,5,66,72,ordena los componentes para las diferentes tipos de pantalla y celulares
a8a8152d,a8a8152d30aa5a400abadaa9c177afc836cc6706,2026-02-06 20:00,2026-02,20,5,Josue Glez,federico01xdz@gmail.com,false,false,false,72,true,1,38,36,Cuando se le de clic este boton envialo a la pantalla de galeria de vide
8a9e6da2,8a9e6da20f012b0974366e0667397f8b3d528960,2026-02-06 20:09,2026-02,20,5,Josue Glez,federico01xdz@gmail.com,false,false,false,72,true,4,263,16,"Crea otra pantalla de detalles especificamente para videos, que se llame"
80004e31,80004e31284fb97d4662991bf6011cc381b9b937,2026-02-06 20:21,2026-02,20,5,Josue Glez,federico01xdz@gmail.com,false,false,false,71,false,2,34,4,Agrega por aqui un boton de copiar y cuando se le de clic haz que copie
aa512db4,aa512db4f7f256ec88d61d402cf40a6c45767c19,2026-02-06 20:27,2026-02,20,5,Josue Glez,federico01xdz@gmail.com,false,false,true,72,true,7,15,16,alinea este boton a la altura del boton del corazon (_for element <LinkC
f47971a6,f47971a6bfa43b38b2c0562819449d5e1def1f03,2026-02-06 20:29,2026-02,20,5,Josue Glez,federico01xdz@gmail.com,false,false,false,72,true,1,22,18,Solo este boton agregalo en la parte inferior derecha en un segundo regl
2178254c,2178254c4383683cf8ffe190e2d55f9b6d75d226,2026-02-06 20:50,2026-02,20,5,Josue Glez,federico01xdz@gmail.com,false,false,false,47,false,2,4,0,agrega el pie de pagina en la pagina de gallery
027eb875,027eb8758b0e8671f4f15b53d903e860561c8766,2026-02-06 22:13,2026-02,22,5,Josue Glez,federico01xdz@gmail.com,false,false,true,46,false,7,9,9,muestra solo una cantidad (_for element span_)
4e5cf0a0,4e5cf0a016778f99d2dd621bea1240b8a2f77d79,2026-02-06 22:17,2026-02,22,5,Josue Glez,federico01xdz@gmail.com,false,false,false,72,true,2,0,2,"no muestres en un loop este numero, que solo se muestre una sola ves (_f"
1ab8c38c,1ab8c38c5cb93b24bc55a51d6eb043fe98099f97,2026-02-06 22:22,2026-02,22,5,Josue Glez,federico01xdz@gmail.com,false,true,false,72,true,7,21,14,Try fixing this error: `Console Error: A tree hydrated but some attribut
3a862a94,3a862a94864c7b754fb08e5734544143183e0f43,2026-02-06 23:22,2026-02,23,5,Josue Glez,federico01xdz@gmail.com,false,false,false,72,true,5,67,72,Cambia este boton al nivel de: Use this prompt y cambia el nombre a solo
ab42e924,ab42e9247a61d544f5fbba8b57c72a6dc9c9e60b,2026-02-06 23:26,2026-02,23,5,Josue Glez,federico01xdz@gmail.com,false,false,true,51,false,7,46,42,Cambia el boton al lado derecho (_for element div_)
010a426a,010a426aa062e7c563613ffbfa245bb7f02e0b71,2026-02-06 23:36,2026-02,23,5,Josue Glez,federico01xdz@gmail.com,false,false,false,72,true,1,21,25,Cambia este boton al nivel de: Use this prompt y cambia el nombre a solo
906ba1a8,906ba1a8fdbfd02314aa7dc65fa2b9f4ae640253,2026-02-06 23:39,2026-02,23,5,Josue Glez,federico01xdz@gmail.com,false,false,false,72,true,1,8,6,Habilita el botón de: Generate a Video y Cuando se le de clic redireccio
f536b8e8,f536b8e8d8be0e80c2d926afa531fb94c546665f,2026-02-06 23:41,2026-02,23,5,Josue Glez,federico01xdz@gmail.com,false,false,false,72,true,2,9,5,Habilita el botón de: Nano Banana Pro y Cuando se le de clic redireccion
ef9bc22b,ef9bc22bc65567756ea0f68992e56ed7cb439baf,2026-02-06 23:44,2026-02,23,5,Josue Glez,federico01xdz@gmail.com,false,false,false,72,true,1,7,5,Habilita el botón de: Nano Banana Pro y Cuando se le de clic redireccion
72993d23,72993d23efcd0b638d4d476dd46d3cb96b33b19c,2026-02-06 23:46,2026-02,23,5,Josue Glez,federico01xdz@gmail.com,false,false,false,72,true,1,1,3,Cuando se le de clic desabilita el redireccionalo a este link en otra pe
f2a31d24,f2a31d245c65742d57eeb2e1c641f15f8cf59ec3,2026-02-06 23:51,2026-02,23,5,Josue Glez,federico01xdz@gmail.com,false,false,false,72,true,1,5,3,Habilita el botón de: Generate an Image y Cuando se le de clic redirecci
ebede697,ebede69775d21c276788a170b9e95803729f8caa,2026-02-06 23:55,2026-02,23,5,Josue Glez,federico01xdz@gmail.com,false,false,false,72,true,1,31,21,Cuando se le de clic filtra los videos y muestra solo los de Nano Banana
7851b9ef,7851b9ef9ebb34bcc14449368918cc5e5c82e118,2026-02-06 23:58,2026-02,23,5,Josue Glez,federico01xdz@gmail.com,false,true,false,72,true,2,100,2,Try fixing this error: `Console Error: A tree hydrated but some attribut
5f1a78ef,5f1a78ef69abc44a102ec128f59fc7b0baee394d,2026-02-07 00:03,2026-02,0,6,Josue Glez,federico01xdz@gmail.com,false,false,false,72,true,5,219,2,Cuando se le de clic al submenu Image Tags crea una nueva pantalla y agr
fdcb48e2,fdcb48e2c3db1d5e8e4d2c4eae52042ccb1ad41d,2026-02-07 00:06,2026-02,0,6,Josue Glez,federico01xdz@gmail.com,false,false,false,30,false,2,109,8,"Agrega estos tags, /image-tags"
9e2d77b6,9e2d77b6c010e81236bd83291f5664675b559efd,2026-02-07 00:13,2026-02,0,6,Josue Glez,federico01xdz@gmail.com,false,false,true,36,false,1,1,1,Generate videos (_for element span_)
79ee6983,79ee698349b6bba59feae8372a9a304df3c7f6b3,2026-02-07 00:15,2026-02,0,6,Josue Glez,federico01xdz@gmail.com,false,false,true,34,false,1,1,1,Create images (_for element span_)
da7b8cf9,da7b8cf9c40813eb9aeebf38106a94ff8fd3aa4d,2026-02-07 00:18,2026-02,0,6,Josue Glez,federico01xdz@gmail.com,false,false,false,72,true,1,40,25,Cuando se le de clic haz el filtrado de imagenes con este nombre en el j
d9c66377,d9c6637796639698dfaa31d5ed799b0ada774320,2026-02-07 00:21,2026-02,0,6,Josue Glez,federico01xdz@gmail.com,false,false,false,72,true,1,152,23,Cuando se le de clic haz el filtrado de imagenes con este nombre en el j
076df46c,076df46c189ac5f858d79cbebae3219862007f2d,2026-02-07 00:23,2026-02,0,6,Josue Glez,federico01xdz@gmail.com,false,false,false,72,true,1,42,3,Muestra el numero de imagenes que exista en el json de imagenes (_for el
8738c637,8738c6379f37b5ad12f884a52803d47aab159530,2026-02-07 00:27,2026-02,0,6,Josue Glez,federico01xdz@gmail.com,false,false,false,71,false,5,368,1,Cuando se le de clic a Video Tags crea esta pantalla y redireccionala a
8b0b2fdf,8b0b2fdf9652a330cb0134cf235c90847f282158,2026-02-07 00:30,2026-02,0,6,Josue Glez,federico01xdz@gmail.com,false,false,false,37,false,2,71,48,"Agrega estos nuevos tags, /video-tags"
c837f698,c837f698c67200836c8614a7bb3c7ac17556bb84,2026-02-07 00:33,2026-02,0,6,Josue Glez,federico01xdz@gmail.com,false,false,true,71,false,1,16,15,Muestra la suma de imagenes de este catalogo de categoria (_for element
e247594d,e247594ded992150796aedc47d7f3d1bf41cab61,2026-02-07 00:35,2026-02,0,6,Josue Glez,federico01xdz@gmail.com,false,false,false,25,false,1,3,40,quita este ultimo cambios
e1ad9b11,e1ad9b117b70b75588cf26be028f3fa40a3776f9,2026-02-07 00:39,2026-02,0,6,Josue Glez,federico01xdz@gmail.com,false,false,false,30,false,2,64,7,"agrega estos tags, /video-tags"
c12c6a12,c12c6a12d3911b7b2abd1fc753f17c960225db4c,2026-02-07 00:42,2026-02,0,6,Josue Glez,federico01xdz@gmail.com,false,false,true,72,true,1,40,3,Muestra el numero de videos que correspondan a este tag (_for element <B
9a9ad18c,9a9ad18c23aa00eaaf626d145e9922c8c6868977,2026-02-07 00:46,2026-02,0,6,Josue Glez,federico01xdz@gmail.com,false,false,false,71,false,1,1,1,"Escribe la suma total del numero de cada tags que hay en esta area, por"
f4df642a,f4df642af7cf5dfe20bcb0e617fc23023f8c9dba,2026-02-07 00:49,2026-02,0,6,Josue Glez,federico01xdz@gmail.com,false,false,false,72,true,1,6,0,solo escribe la suma total de esta categoria que pertenecen a estos vide
d9532729,d95327297d9e084bc6b09939960403fcbc30e77a,2026-02-07 00:51,2026-02,0,6,Josue Glez,federico01xdz@gmail.com,false,false,false,72,true,1,1,1,solo escribe la suma total de esta categoria que pertenecen a estos imag
f054fadb,f054fadbeb9d54ecd82114b7977ff077d9f81ed6,2026-02-07 00:54,2026-02,0,6,Josue Glez,federico01xdz@gmail.com,false,true,false,72,true,1,1,1,Try fixing this error: `Build Error: Parsing ecmascript source code fail
b0b99f9b,b0b99f9b7bfd459652713c851859bec1d7258a49,2026-02-07 00:59,2026-02,0,6,Josue Glez,federico01xdz@gmail.com,false,false,true,48,false,1,177,66,agrega un filtro de 18 en 18 (_for element div_)
34bf216a,34bf216a226ab2a7bdc9966cde14df3caf642a78,2026-02-07 01:01,2026-02,1,6,Josue Glez,federico01xdz@gmail.com,false,false,true,48,false,1,146,32,agrega un filtro de 18 en 18 (_for element div_)
0236df34,0236df34817cb3ce480027102815b78d8d5af182,2026-02-07 01:03,2026-02,1,6,Josue Glez,federico01xdz@gmail.com,false,false,false,72,true,1,1,1,Discover AI-generated videos organized by 51 unique tags across visual s
e0572e01,e0572e019300ace855716faf8c125cb868ce133f,2026-02-07 01:06,2026-02,1,6,Josue Glez,federico01xdz@gmail.com,false,false,true,70,false,1,5,3,Cuando se le de clic envialo al tag de videos (_for element <Button>_)
5b47c7c9,5b47c7c9d215b57da40ab4300f5316a9a3c17953,2026-02-07 01:11,2026-02,1,6,Josue Glez,federico01xdz@gmail.com,false,false,false,72,true,1,1,1,Discover AI-generated images organized by 66 unique tags across visual s
068f269e,068f269e994182f5f2aaa81ae0e691dd815ca067,2026-02-07 01:17,2026-02,1,6,Josue Glez,federico01xdz@gmail.com,false,false,false,72,true,1,15,5,solo escribe la suma total de esta categoria que pertenecen a estos imag
e7a9e053,e7a9e0531e71e7cfe9aa9e073336391570c0fbc1,2026-02-07 01:22,2026-02,1,6,Josue Glez,federico01xdz@gmail.com,false,false,false,47,false,1,1,1,"Muestra el diseño de esta forma, /image-prompts"
175654f7,175654f7a8a2c5df90f26b30c9d3499218c4bdad,2026-02-07 01:24,2026-02,1,6,Josue Glez,federico01xdz@gmail.com,false,false,false,47,false,1,26,14,"Muestra el diseño de esta forma, /video-prompts"
6e1995dd,6e1995dd01793244f5a783c9f0e03a7fe6a354fd,2026-02-07 01:26,2026-02,1,6,Josue Glez,federico01xdz@gmail.com,false,false,false,52,false,3,48,48,Muestra el diseño de esta forma en la página de home
8103d911,8103d911520b77e44990cf8b0180c263797dc186,2026-02-07 01:33,2026-02,1,6,Josue Glez,federico01xdz@gmail.com,false,false,false,72,true,1,1,1,conecta la cuenta de firebase: // Import the functions you need from the
93c8d9ca,93c8d9caa80de7ec308b8128a680155b9252d4fb,2026-02-07 01:36,2026-02,1,6,Josue Glez,federico01xdz@gmail.com,false,false,false,25,false,3,300,179,Set up a Firebase backend
5308dd62,5308dd628ff8db16fd7778470399840baceb61dc,2026-02-07 01:41,2026-02,1,6,Josue Glez,federico01xdz@gmail.com,false,false,false,12,false,10,627,250,File changes
bb5bbd03,bb5bbd03356ffd1e1c7867a7376565eb525d35c2,2026-02-07 01:47,2026-02,1,6,Josue Glez,federico01xdz@gmail.com,false,true,false,16,false,1,7,6,corrige el error
3aa11af8,3aa11af801667d1aedfb68da371fb121ee15c858,2026-02-07 01:49,2026-02,1,6,Josue Glez,federico01xdz@gmail.com,false,false,false,72,true,1,9,0,"agrega tambien este codigo: import { initializeApp } from ""firebase/app"""
56cc580b,56cc580b37d43a065c961c3360e5fab26e7e665d,2026-02-07 02:33,2026-02,2,6,Josue Glez,federico01xdz@gmail.com,false,false,false,72,true,3,74,3,agrega en un script para guardar en la base de datos de firebase todos l
d27d299d,d27d299d41d4f151619512bfd4d6a716d1609b2e,2026-02-07 02:41,2026-02,2,6,Josue Glez,federico01xdz@gmail.com,false,true,false,72,true,1,1,1,"{""message"":""Error seeding database."",""error"":""7 PERMISSION_DENIED: Missi"
79f5620d,79f5620d78d7608924c09425a78277570e6f5ce5,2026-02-07 02:44,2026-02,2,6,Josue Glez,federico01xdz@gmail.com,false,false,false,72,true,3,63,4,agrega en un script para guardar en la base de datos de firebase todos l
7ce8d8bc,7ce8d8bc592e0ebbf4ccd9ba6bd47fa06a032f5e,2026-02-07 03:31,2026-02,3,6,Josue Glez,federico01xdz@gmail.com,false,false,false,9,false,1,1,1,add: seed
4ef43adc,4ef43adcf8556cd99dc36b445a326022b38badbe,2026-02-07 03:33,2026-02,3,6,Josue Glez,federico01xdz@gmail.com,true,false,false,55,false,0,0,0,Merge remote-tracking branch 'refs/remotes/origin/main'
1a7e8dba,1a7e8dbaf0eede5cd925d93ff2b50ac51f752262,2026-02-07 03:37,2026-02,3,6,Josue Glez,federico01xdz@gmail.com,false,true,false,13,false,1,11,5,Console Error
2e58a946,2e58a9464739f3a56121ac879cb254a11d6d3898,2026-02-06 20:42,2026-02,20,5,Joshuesito,jggjosue@gmail.com,false,false,false,9,false,1,1,1,add: seed
1446b1e0,1446b1e0df757e2e101f07677e15984376788d0e,2026-02-06 20:45,2026-02,20,5,Joshuesito,jggjosue@gmail.com,false,false,false,16,false,1,9795,7267,update yarn.lock
9355ea34,9355ea3427a51f20d314bc7312152fad327f2a6a,2026-02-06 20:51,2026-02,20,5,Joshuesito,jggjosue@gmail.com,false,false,false,25,false,1,5,6,Update image-examples.tsx
9bd8a158,9bd8a158d5399955a9cd2941ec9cd16524967a77,2026-02-07 00:34,2026-02,0,6,Joshuesito,jggjosue@gmail.com,false,false,false,18,false,25,2572,1915,add:nuevos cambios
6a8342a6,6a8342a686c6b91f3cd52cfa20790eb19d418d7c,2026-02-07 00:38,2026-02,0,6,Joshuesito,jggjosue@gmail.com,false,false,false,17,false,2,40,8,add: validaciones
2b493476,2b49347661563df423922114b86f889816371159,2026-02-07 00:47,2026-02,0,6,Joshuesito,jggjosue@gmail.com,false,false,false,25,false,1,32,3,Update image-examples.tsx
97124ba5,97124ba5729244cd5a5cb84a64a7b10f38869120,2026-02-07 00:53,2026-02,0,6,Joshuesito,jggjosue@gmail.com,false,false,false,23,false,1,10,2,Update content-grid.tsx
38856131,38856131a22a4e18b2661e5c91a379f88ba3a2d2,2026-02-07 00:59,2026-02,0,6,Joshuesito,jggjosue@gmail.com,false,false,false,25,false,1,13,13,Update image-examples.tsx
70ba4069,70ba4069852b6fb2e8b1d2d26b23969d761afc97,2026-02-07 01:11,2026-02,1,6,Joshuesito,jggjosue@gmail.com,false,false,false,8,false,4,6977,10725,add: mas
cb8c61b5,cb8c61b5b40464f799fbec33a686f4544167e7de,2026-02-07 01:16,2026-02,1,6,Joshuesito,jggjosue@gmail.com,false,false,false,3,false,2,10787,6887,add
4a0203c8,4a0203c8359c02462504d0a1612e563de981ce06,2026-02-07 01:21,2026-02,1,6,Joshuesito,jggjosue@gmail.com,false,false,false,4,false,1,56,55,adds
b875530d,b875530d133981e531cc9c9f7ab92505658a5eed,2026-02-13 07:08,2026-02,7,5,Josue Glez,federico01xdz@gmail.com,false,true,false,71,false,1,1398,852,The app isn't starting. Please investigate what could be wrong based on
b3c50cbe,b3c50cbe43a34ea5894d35dc00c53ea061fb3353,2026-02-20 00:27,2026-02,0,5,Josue Glez,federico01xdz@gmail.com,false,true,false,71,false,1,41,0,The app isn't starting. Please investigate what could be wrong based on
c29f31d0,c29f31d0893517da1444a58de27a1e7812c2a561,2026-02-20 07:28,2026-02,7,5,Josue Glez,federico01xdz@gmail.com,false,false,false,72,true,2,7,3,"agrega estas url al placeholder-videos.json en este formato, {       ""id"
ac32fd6c,ac32fd6c123293a29031eafae752abba79b6d7f2,2026-02-20 07:33,2026-02,7,5,Josue Glez,federico01xdz@gmail.com,false,false,false,72,true,1,2,1,"agrega estas url al placeholder-videos.json en este formato, {       ""id"
a30558e4,a30558e4c91fb4dd0d94cfaaf75cdb68a1a882c6,2026-02-20 07:34,2026-02,7,5,Josue Glez,federico01xdz@gmail.com,false,false,false,72,true,1,238,0,"agrega estas url al placeholder-videos.json en este formato, {       ""id"
e6116c2a,e6116c2ad4c622b4b8c3c6d8c111dbeb182f95fa,2026-02-20 07:36,2026-02,7,5,Josue Glez,federico01xdz@gmail.com,false,false,false,72,true,1,207,4,"agrega estas url al placeholder-videos.json en este formato, {       ""id"
e398f13c,e398f13c3114530c00dcffb62d4d828a2cb2570b,2026-02-20 07:38,2026-02,7,5,Josue Glez,federico01xdz@gmail.com,false,false,false,72,true,1,117,0,"Agrega estas url al placeholder-videos.json en este formato, {       ""id"
6de94fb0,6de94fb08c16d41269c7f530876869f1a7c3eebb,2026-02-20 07:39,2026-02,7,5,Josue Glez,federico01xdz@gmail.com,false,false,false,72,true,1,90,0,"Agrega estas url al placeholder-videos.json en este formato, {       ""id"
29d1cfeb,29d1cfeba18e480d27099b66f4b98b32882998e0,2026-02-20 07:41,2026-02,7,5,Josue Glez,federico01xdz@gmail.com,false,false,false,72,true,1,81,0,"Agrega estas url al placeholder-videos.json en este formato, {       ""id"
25278398,25278398556de750cce1afa96117ba0a66cdd62b,2026-02-20 07:47,2026-02,7,5,Josue Glez,federico01xdz@gmail.com,false,false,false,33,false,1,484,293,remueve todos los id con su valor
bf5273cb,bf5273cb8c6b08465ef0156663d8bd714192b0d4,2026-02-20 08:05,2026-02,8,5,Josue Glez,federico01xdz@gmail.com,false,true,false,16,false,1,131,1051,corrige el error
79b3146f,79b3146fab153f1f18cdff7d63967dd66226e521,2026-02-21 04:44,2026-02,4,6,Josue Glez,federico01xdz@gmail.com,false,true,false,31,false,3,7573,11774,corrige el error: Console Error
8802e6ca,8802e6cac243ef2e7aae57b10a0e6e3628221ce2,2026-02-21 04:47,2026-02,4,6,Josue Glez,federico01xdz@gmail.com,false,true,false,31,false,5,17,29,corrige el error: Runtime Error
33261260,33261260e55381846721fef9b5bf1cb3748eb0ab,2026-02-21 04:49,2026-02,4,6,Josue Glez,federico01xdz@gmail.com,false,true,false,31,false,4,13,16,corrige el error: Console Error
05ce6ccc,05ce6ccc5e8ddacfcf0298dbf31719a59f730c19,2026-02-21 04:53,2026-02,4,6,Josue Glez,federico01xdz@gmail.com,false,false,true,47,false,4,74,735,remueve el circulo (_for element <CirclePlay>_)
e95bdf57,e95bdf5702bb109a60da6634f52b11979745e254,2026-02-21 04:56,2026-02,4,6,Josue Glez,federico01xdz@gmail.com,false,false,true,61,false,2,7,8,muestra tambien el description en el json (_for element pre_)
f65075c2,f65075c2ab793981055fb15fecef6579beeb0f6d,2026-02-21 05:01,2026-02,5,6,Josue Glez,federico01xdz@gmail.com,false,false,false,8,false,1,1229,56,add json
ae9185f4,ae9185f460ac284a176e3d6ddd7b54bdfcffa7a1,2026-02-21 05:04,2026-02,5,6,Josue Glez,federico01xdz@gmail.com,false,false,true,36,false,2,21,32,muestra  el json (_for element pre_)
10c610f4,10c610f4b444fbbca4f691071a288755025a12ef,2026-02-21 05:06,2026-02,5,6,Josue Glez,federico01xdz@gmail.com,false,true,false,72,true,1,2,1,Try fixing this error: `Runtime ReferenceError: dynamicVideoVideoTagsDat
2e58516c,2e58516c926a5d322043e238f6d84b5ed0722f71,2026-02-21 07:53,2026-02,7,6,Josue Glez,federico01xdz@gmail.com,false,false,false,10,false,2,2742,2193,add videos
b27e4d5b,b27e4d5b4d5e36af5a36f7cce1cdc9b4992c3c0b,2026-02-21 07:56,2026-02,7,6,Josue Glez,federico01xdz@gmail.com,false,true,false,16,false,4,120,3867,corrige el error
617b3de6,617b3de6fae73bea0b25d36a969c8c96c2416f42,2026-02-21 16:39,2026-02,16,6,Joshuesito,jggjosue@gmail.com,false,false,false,18,false,2,11516,7097,cambio de imagenes
0734ffdc,0734ffdc2dc7dca3185b9705714ea8105d2eb006,2026-03-03 16:09,2026-03,16,2,Joshuesito,jggjosue@gmail.com,false,false,false,3,false,2,5,9,ads
f5243738,f52437380783c8770e05b9b2ed731f5a90a0a976,2026-03-04 01:21,2026-03,1,3,Josue Glez,federico01xdz@gmail.com,false,false,false,71,false,4,282,32,crea una nueva pagina para prompts como la de /image prompts y agreg al
60288c79,60288c794d3fe64f81511f2f271f5f210354fe88,2026-03-04 01:25,2026-03,1,3,Josue Glez,federico01xdz@gmail.com,false,false,false,72,true,1,77,180,"agrega esta lista de modelos estos modelos a la pagina de /promps, no mu"
f022a9ce,f022a9ce67e726b2ade9f5c71a8d2d16cfca66e8,2026-03-04 01:26,2026-03,1,3,Josue Glez,federico01xdz@gmail.com,false,false,false,72,true,1,17,2,"agrega esta lista de modelos a la pagina de /promps, adicional a las que"
8adee338,8adee338dfe5fb18aa99eab4a912989d704b3bc4,2026-03-04 01:27,2026-03,1,3,Josue Glez,federico01xdz@gmail.com,false,false,false,72,true,1,6,1,"agrega esta lista de modelos a la pagina de /promps, adicional a las que"
b0a0b52e,b0a0b52e65af9c03db51ef00de0a211587a68388,2026-03-04 01:29,2026-03,1,3,Josue Glez,federico01xdz@gmail.com,false,false,false,72,true,3,239,2,Crea una pantalla de detalles y cuando se le de clic redireccionala a el
26a902f3,26a902f3a0c78f1cd9766163590ae9852daa9de8,2026-03-04 01:30,2026-03,1,3,Josue Glez,federico01xdz@gmail.com,false,true,false,72,true,3,42,37,Try fixing this error: `Runtime TypeError: {imported module [project]/sr
27b64f13,27b64f13f1d394ff0f8106a7ac2e18a83a3b6dc7,2026-03-04 01:34,2026-03,1,3,Josue Glez,federico01xdz@gmail.com,false,false,false,47,false,3,2252,3,muestra los prompts de amp.yaml en /prompts/amp
41c0aa8f,41c0aa8fad282c978758139dcbe4f1014c17f944,2026-03-04 01:36,2026-03,1,3,Josue Glez,federico01xdz@gmail.com,false,false,false,71,false,1,220,76,"dividelos por ejemplos y agregalos en cada componente diferente, pon su"
2c0372e9,2c0372e94c01b5a763ef366d0469f896ae9a6504,2026-03-04 01:40,2026-03,1,3,Josue Glez,federico01xdz@gmail.com,false,false,false,72,true,1,73,112,"dividelos cuando se encuentre este simbolo # y un espacio, asi identific"
6853397c,6853397c13595d7f1dc2065f608cee138f8b3f25,2026-03-04 01:42,2026-03,1,3,Josue Glez,federico01xdz@gmail.com,false,false,false,57,false,1,101,79,deben de ser 30 prompts validando el simbolo # o doble ##
3d2220d6,3d2220d67b7966ad73f7cf1bebc1e9e4d63a8393,2026-03-04 01:46,2026-03,1,3,Josue Glez,federico01xdz@gmail.com,false,false,false,72,true,3,150,2178,"agrega este prompt y ejemplos a amp.json, agrega un titulo, los ejemplos"
bad8a381,bad8a381f6560e584a35b59c7c45c4ed04be5156,2026-03-04 02:17,2026-03,2,3,Josue Glez,federico01xdz@gmail.com,false,false,false,45,false,3,687,113,agrega los prompts de amp.json a /prompts/amp
5ff86105,5ff86105e9c683b175fe829a28d3b0a84bd983b5,2026-03-04 02:24,2026-03,2,3,Josue Glez,federico01xdz@gmail.com,false,false,false,59,false,2,142,58,haz que sea tambien para dispositivos moviles: /prompts/amp
e8fc5d78,e8fc5d786a1b969e1bbc6fd2ac33b97358a36283,2026-03-04 02:28,2026-03,2,3,Josue Glez,federico01xdz@gmail.com,false,false,false,71,false,3,604,6,"agrega los prompts de claide.json a /prompts/anthropic, que sea similar"
103522a5,103522a57ddf541928860185f326243d8e7a9f50,2026-03-04 02:30,2026-03,2,3,Josue Glez,federico01xdz@gmail.com,false,false,false,46,false,3,560,537,agrega claude-chrome.json a /prompts/anthropic
4ec0f0dc,4ec0f0dcf65177ddc01a707f4a96c951250d1c23,2026-03-04 02:35,2026-03,2,3,Josue Glez,federico01xdz@gmail.com,false,false,true,33,false,1,1,58,remuevelo (_for element section_)
8dbffaa3,8dbffaa37984530f32055b0d2bf4bb506efd450f,2026-03-04 03:36,2026-03,3,3,Josue Glez,federico01xdz@gmail.com,false,false,true,28,false,2,15,14,mejoralo (_for element div_)
6a0dfacb,6a0dfacb9f7e2a7c137556143208fe6464f77062,2026-03-04 03:42,2026-03,3,3,Josue Glez,federico01xdz@gmail.com,false,false,false,57,false,2,42,12,muestra los valores del json de anthropic y claude-chrome
dc3af03c,dc3af03ccd632cd6bc6df3529a3d12e941a4165e,2026-03-06 18:13,2026-03,18,5,Josue Glez,federico01xdz@gmail.com,false,false,true,52,false,7,14,742,remueve los componentes (_for element <LikeButton>_)
bc911b63,bc911b637679dd9792c48e01e14161040ff9159a,2026-03-06 18:18,2026-03,18,5,Josue Glez,federico01xdz@gmail.com,false,false,true,52,false,7,91,181,muevelo a la derecha (_for element <LinkComponent>_)
da2f42b7,da2f42b7bf350a4bccf8a7a75e152ba60a0578e0,2026-03-06 18:29,2026-03,18,5,Josue Glez,federico01xdz@gmail.com,false,false,false,66,false,2,9,10,"deja la misma typografía principal en toda la pagina, /prompts/amp"
b988608f,b988608f147aec2f1d3adda7f2581780c723dc87,2026-03-06 18:43,2026-03,18,5,Josue Glez,federico01xdz@gmail.com,false,false,true,72,true,1,12,10,muestralo en la parte inferior y centralo (_for element <LinkComponent>_
5cc9498d,5cc9498d24428137aeee1c90fcb05c58c65391c4,2026-03-20 20:52,2026-03,20,5,Josue Glez,federico01xdz@gmail.com,true,false,false,55,false,0,0,0,Merge remote-tracking branch 'refs/remotes/origin/main'
355a8da3,355a8da358c5de1fe5410fd4fdf0802fd25de5b2,2026-04-09 00:37,2026-04,0,4,Joshuesito,jggjosue@gmail.com,false,false,false,15,false,89,3078,1809,add new changes
e4152ff4,e4152ff4758c552763cce9070ce4b6bf1f7d2312,2026-04-09 00:48,2026-04,0,4,Joshuesito,jggjosue@gmail.com,false,false,false,17,false,1,0,50,remover politicas
9a6f2cc8,9a6f2cc8ae6d235ef3dc42a3b21732eaba597fd0,2026-05-16 23:40,2026-05,23,6,Joshuesito,jggjosue@gmail.com,false,false,false,6,false,43,0,0,images
c67b7ed4,c67b7ed40ab72224fb3e405550a2dbc2bd233456,2026-05-16 23:42,2026-05,23,6,Joshuesito,jggjosue@gmail.com,false,false,false,8,false,101,0,0,images 2
da86a2c3,da86a2c30ef51d2f24753d73c2ce3afdd866def7,2026-05-16 23:44,2026-05,23,6,Joshuesito,jggjosue@gmail.com,false,false,false,8,false,57,0,0,images 3
943bc8e1,943bc8e1616fbb1fd392e152e3448d627992ec62,2026-05-16 23:48,2026-05,23,6,Joshuesito,jggjosue@gmail.com,false,false,false,11,false,156,36683,0,web pages 1
093849e8,093849e8e6ebe0cb8662155450809033e3e372cd,2026-05-16 23:53,2026-05,23,6,Joshuesito,jggjosue@gmail.com,false,false,false,11,false,287,41610,0,web pages 2
bb052b2f,bb052b2fcbc4304d0a79ee40489b1eee0cc72e7c,2026-05-16 23:56,2026-05,23,6,Joshuesito,jggjosue@gmail.com,false,false,false,11,false,185,18592,0,web pages 3
b9156a50,b9156a502eb006790892fc4c5f3557c6d93635c7,2026-05-16 23:58,2026-05,23,6,Joshuesito,jggjosue@gmail.com,false,false,false,11,false,84,0,0,web pages 4
e4a99785,e4a99785abf99dd9bc084c28e6f2a585ea2a7073,2026-05-17 00:00,2026-05,0,0,Joshuesito,jggjosue@gmail.com,false,false,false,11,false,93,7538,7301,web pages 5
cf7ab9d9,cf7ab9d9233b32ea87ebc8b8923e06dedf07ede4,2026-05-17 00:01,2026-05,0,0,Joshuesito,jggjosue@gmail.com,false,false,false,7,false,34,9403,19,scripts
3500a692,3500a692811ea4a0a2932658c9ef72716e284588,2026-05-17 00:05,2026-05,0,0,Joshuesito,jggjosue@gmail.com,false,false,false,16,false,1,0,8,Update README.md
c1606709,c16067092193ff67059eb30001bc878ecba3dcd6,2026-05-18 21:34,2026-05,21,1,Joshuesito,jggjosue@gmail.com,false,false,false,10,false,907,12927,80982,add prices
d2669ec8,d2669ec86d70cbec20df3277bda3b7b13c7a7175,2026-05-19 00:02,2026-05,0,2,Joshuesito,jggjosue@gmail.com,false,false,false,11,false,121,13367,2318,add mejoras
ba3b0a65,ba3b0a65274756b7414ea5cf069bc87394ffdeac,2026-05-19 00:10,2026-05,0,2,Joshuesito,jggjosue@gmail.com,false,false,false,6,false,83,2,2,add gz
989bbab8,989bbab8688654639e5d100fdba37efd78f67717,2026-05-19 00:18,2026-05,0,2,Joshuesito,jggjosue@gmail.com,false,false,false,11,false,12,328,305,add mejoras
ab574f99,ab574f99b20b0b33484d82a36ed311c1b4d687b9,2026-05-19 00:35,2026-05,0,2,Joshuesito,jggjosue@gmail.com,false,true,false,5,false,7,322,126,fixes
0b85ff82,0b85ff8218bc353bc2221ea4402f3a974282bd96,2026-05-19 00:40,2026-05,0,2,Joshuesito,jggjosue@gmail.com,false,false,false,7,false,1,7,0,example
166bc5a6,166bc5a64e6fb45155b5d3dae07f1ce9d4d96377,2026-05-19 10:54,2026-05,10,2,Joshuesito,jggjosue@gmail.com,false,false,false,11,false,34,1517,303,add mejoras
1794c7a4,1794c7a4bb88cb1c5bf19b2cbe2986499d282d35,2026-05-19 19:52,2026-05,19,2,Joshuesito,jggjosue@gmail.com,false,false,false,12,false,43,3891,382,add api keys
e1e2aa22,e1e2aa22a493a37360f7106b5b927f9895a5ff4a,2026-05-20 00:28,2026-05,0,3,Joshuesito,jggjosue@gmail.com,false,false,false,18,false,1,0,1,Update vercel.json
5c45a07a,5c45a07a651c40b1e4976d6902507f90b2afeb43,2026-05-23 16:39,2026-05,16,6,Joshuesito,jggjosue@gmail.com,false,false,false,14,false,2,11,101,add validation
bd6840da,bd6840dadf3edbf53fb935a0ec1d88795f63f83b,2026-05-23 16:44,2026-05,16,6,Joshuesito,jggjosue@gmail.com,false,false,false,16,false,1,4,4,cambio de correo
7c0c2361,7c0c236145fc722983adb01220c3045ed39ecdb3,2026-06-12 00:50,2026-06,0,5,Joshuesito,jggjosue@gmail.com,false,false,false,9,false,472,108783,1290,Modo azul
ad7d7f98,ad7d7f98fce92f452f2a0a034673057110f2b7ef,2026-06-12 00:56,2026-06,0,5,Joshuesito,jggjosue@gmail.com,false,false,false,19,false,14,0,51673,se quita la carpeta
10ebb3c3,10ebb3c3d40c96ec309d00d1bd4f4bbfd711ed98,2026-06-12 01:03,2026-06,1,5,Joshuesito,jggjosue@gmail.com,false,false,false,4,false,1,2,1,test
dca70846,dca708468b84d747cd5c746ed0c2bcb651302f05,2026-06-12 01:20,2026-06,1,5,Joshuesito,jggjosue@gmail.com,false,false,false,23,false,1,1,1,centrado de componentes
4349c960,4349c960ff51a0c5f581aced8e01e7b8f8c0111e,2026-06-12 21:13,2026-06,21,5,Joshuesito,jggjosue@gmail.com,false,false,false,18,false,9,6710,6397,add changes prices
d4105d90,d4105d90204d97ec038303e8118b0cf715ee1e76,2026-06-13 01:15,2026-06,1,6,Joshuesito,jggjosue@gmail.com,false,false,false,14,false,28,1249,223,add new design
3f9fadf4,3f9fadf459098517c69c5fe0e97781ea34872e3f,2026-06-24 01:28,2026-06,1,3,Joshuesito,jggjosue@gmail.com,false,false,false,11,false,60,1953,116,add changes
c6270a70,c6270a70616b5bd202e417a0beed0aca98e40deb,2026-06-24 01:37,2026-06,1,3,Joshuesito,jggjosue@gmail.com,false,false,false,3,false,2,6,4,add
775ccd15,775ccd1598b306e7085787dbef561ffc0c382ce4,2026-06-24 01:44,2026-06,1,3,Joshuesito,jggjosue@gmail.com,false,false,false,14,false,3,12,11,add validation
d647078b,d647078baae7fc5171a80ce1449d1ca2d6884fb1,2026-06-24 02:26,2026-06,2,3,Joshuesito,jggjosue@gmail.com,false,false,false,20,false,8,455,2,add affiliate prices
00584a13,00584a13f433cbcb1799a8e891d5f11f0b3f2a66,2026-06-25 02:03,2026-06,2,4,Joshuesito,jggjosue@gmail.com,false,false,false,11,false,37,5658,2208,add changes
e4679061,e46790618f4a78b7aea06eeffcb32a7382959348,2026-06-26 20:23,2026-06,20,5,Joshuesito,jggjosue@gmail.com,false,false,false,12,false,4,65,35,add webpages
d4de4cb0,d4de4cb0294af3961521e1e8a453b5b4fbd1a616,2026-06-26 22:30,2026-06,22,5,Joshuesito,jggjosue@gmail.com,false,false,false,10,false,2,2,2,add prices
11a46665,11a466652265cacb7d31f4caf4028b46feeaa47d,2026-06-26 22:37,2026-06,22,5,Joshuesito,jggjosue@gmail.com,false,false,false,16,false,1,6,6,Update README.md
31c2065a,31c2065a566bce7bdcdce0336594c0ce2f361428,2026-06-26 22:38,2026-06,22,5,Joshuesito,jggjosue@gmail.com,false,false,false,16,false,1,1,6,Update README.md
7adba51d,7adba51dc51617cb20f5e9ea6fa852d40b145eaa,2026-06-26 22:38,2026-06,22,5,Joshuesito,jggjosue@gmail.com,false,false,false,16,false,1,1,1,Update README.md
0d99fc66,0d99fc66491de3c810431e7c99d7599707e0c0e3,2026-06-28 01:04,2026-06,1,0,Joshuesito,jggjosue@gmail.com,false,false,false,11,false,475,20817,62653,add changes
b0cdc139,b0cdc139b000a64da5b7f9b609479b17154f1b70,2026-06-28 01:04,2026-06,1,0,Joshuesito,jggjosue@gmail.com,true,false,false,64,false,0,0,0,Merge branch 'main' of https://github.com/jggjosue/prompt-studio
8e6e8760,8e6e8760888613e9f52dcdb9ab52bcfe0b11326a,2026-06-28 01:34,2026-06,1,0,Joshuesito,jggjosue@gmail.com,false,false,false,21,false,1,375,375,Update web-pages.json
9b4ddb3f,9b4ddb3fb63087e4a368f21c4b215ab639b48c5b,2026-06-28 20:33,2026-06,20,0,Joshuesito,jggjosue@gmail.com,false,false,false,8,false,112,108186,0,new file
0ca54a23,0ca54a237ddbd73a27897807422aecbaddb8222b,2026-06-28 20:36,2026-06,20,0,Joshuesito,jggjosue@gmail.com,false,false,false,10,false,141,32613,0,add file 2
82a226b1,82a226b1d489e2ba74bf18eb63fc094bb6632ed5,2026-06-28 20:40,2026-06,20,0,Joshuesito,jggjosue@gmail.com,false,false,false,10,false,182,34045,0,add file 3
ce1011da,ce1011da67a8564bb4d34aad5a0a27bee314976d,2026-06-28 20:40,2026-06,20,0,Joshuesito,jggjosue@gmail.com,false,false,false,10,false,228,47278,9953,add file 4
ead82dd3,ead82dd37157e20179001f080d3bc4f7a49b6b72,2026-06-28 21:22,2026-06,21,0,Joshuesito,jggjosue@gmail.com,false,false,false,10,false,147,3655,865,add file 5
5ba16d69,5ba16d6968d5136954a484cc5060870d7fb17295,2026-06-28 21:30,2026-06,21,0,Joshuesito,jggjosue@gmail.com,false,false,false,10,false,2,9,1,minimation
8664eae5,8664eae579b99d6fa943746adfc32485a668f871,2026-06-28 21:53,2026-06,21,0,Joshuesito,jggjosue@gmail.com,false,false,false,11,false,26,18,599,add changes
390e0687,390e0687ed6cd01589a4fce50e69ae6820dcaa83,2026-06-28 21:59,2026-06,21,0,Joshuesito,jggjosue@gmail.com,false,false,false,13,false,1,1,1,eternal-glory
5177acf1,5177acf169fb6be0633a53ec570bc6336ff4c8b6,2026-06-28 22:14,2026-06,22,0,Joshuesito,jggjosue@gmail.com,false,false,false,6,false,2,2,2,prices
6bebc0b7,6bebc0b7f313ef4e3df510a3209b80e7cc53919c,2026-06-29 13:44,2026-06,13,1,Joshuesito,jggjosue@gmail.com,false,false,false,13,false,59,4566,2061,add affiliate
b0b2194f,b0b2194f56751d521122a803f8ce1c3c7414c27e,2026-06-29 13:54,2026-06,13,1,Joshuesito,jggjosue@gmail.com,false,false,false,18,false,1,3,3,Update site-url.ts
74acb576,74acb576b68aa414e770259e6edc345dd9afe749,2026-06-29 14:08,2026-06,14,1,Joshuesito,jggjosue@gmail.com,false,false,false,14,false,3,9,162,add comisiones
842e57bb,842e57bbc68a07fdca3240c9816ff03cc8897f3f,2026-06-29 14:18,2026-06,14,1,Joshuesito,jggjosue@gmail.com,false,false,false,4,false,3,6,9,addd
15a7b8eb,15a7b8ebd5c816351e52ee7a5483895651a5c7b8,2026-06-29 14:36,2026-06,14,1,Joshuesito,jggjosue@gmail.com,false,false,false,15,false,1,26,4,Update page.tsx
e7889a5e,e7889a5efe2a39ce9ea13c155b070a835a245264,2026-06-29 16:34,2026-06,16,1,Joshuesito,jggjosue@gmail.com,false,false,false,11,false,169,2318,931,add mejoras
30cb28f1,30cb28f15b3716617ebb3e096cb7285184ae328f,2026-06-29 16:41,2026-06,16,1,Joshuesito,jggjosue@gmail.com,false,false,false,15,false,132,160,436,add mejoras SEO
f7622c5b,f7622c5b9d7d94a79ed40dbc4f6557e07f9f37e4,2026-06-29 19:09,2026-06,19,1,Joshuesito,jggjosue@gmail.com,false,false,false,6,false,23,1266,52,update
9ded739b,9ded739bb908d393d6fe4de72afc99d4bdb29eb4,2026-06-29 22:01,2026-06,22,1,Joshuesito,jggjosue@gmail.com,false,false,false,7,false,37,829,481,add SEO
b38f7360,b38f7360cfdca8d1c1b7b43ce564ed15e834afc7,2026-06-29 22:21,2026-06,22,1,Joshuesito,jggjosue@gmail.com,false,false,false,7,false,21,46,42,ad logs
404e364b,404e364b2dcc49592e9db40bfebd48a969b8de4b,2026-06-30 13:34,2026-06,13,2,Joshuesito,jggjosue@gmail.com,false,false,false,28,false,149,87814,779,add cambios de precios y SEO
a0c81bc8,a0c81bc87b1bfe1a5722e130de728bcdb37872ba,2026-06-30 16:52,2026-06,16,2,Joshuesito,jggjosue@gmail.com,false,false,false,8,false,7,23275,111,add webs
b644c0fd,b644c0fd0839c7b4839bc796de121b3887ec0d57,2026-07-01 20:08,2026-07,20,3,Joshuesito,jggjosue@gmail.com,false,false,false,10,false,132,11928,6944,add prices
55e3069d,55e3069da0eee316977050093d8fcbbfbe1d8d28,2026-07-01 21:23,2026-07,21,3,Joshuesito,jggjosue@gmail.com,false,false,false,22,false,118,291,3721,add cambios en precios
245a04e7,245a04e7840c5205499339e71827b0018ae8bd8b,2026-07-01 21:38,2026-07,21,3,Joshuesito,jggjosue@gmail.com,false,false,false,31,false,6,103,24,add validaciones de componentes
9ae0bc81,9ae0bc81386efb597057a47d06aaedc2c6575f1c,2026-07-02 00:50,2026-07,0,4,Joshuesito,jggjosue@gmail.com,false,false,false,13,false,22,2308,84,add animation
7ed35d5a,7ed35d5a22f9047d8dd34ada079ba73a734182a8,2026-07-03 17:52,2026-07,17,5,Joshuesito,jggjosue@gmail.com,false,false,false,3,false,46,1932,1478,add
2bf9a846,2bf9a846583cc4b58cdbf61b4c1cb98433152629,2026-07-03 18:02,2026-07,18,5,Joshuesito,jggjosue@gmail.com,false,false,false,52,false,1,1,78,Remove production environment variables from example
f5989816,f5989816776e68fde425c67e69737ec233cb6ba5,2026-07-03 19:47,2026-07,19,5,Joshuesito,jggjosue@gmail.com,false,false,false,11,false,156,1653,8078,add cambios
c354fdfd,c354fdfd197a089271df538a77e7a152a2b929a7,2026-07-03 19:47,2026-07,19,5,Joshuesito,jggjosue@gmail.com,true,false,false,64,false,0,0,0,Merge branch 'main' of https://github.com/jggjosue/prompt-studio
523c7a50,523c7a50ed5645a81f401a4062bdbe2a484d9818,2026-07-03 20:22,2026-07,20,5,Joshuesito,jggjosue@gmail.com,false,false,false,21,false,15,17,588,se quitan los correos
62a043d9,62a043d9e1c22857bef783d656c0840ddbbc03ff,2026-07-03 21:08,2026-07,21,5,Joshuesito,jggjosue@gmail.com,false,false,false,6,false,1,1,9,stripe
5ff2cde4,5ff2cde4e9b789f31c61216e801d14eda6578d77,2026-07-03 21:47,2026-07,21,5,Joshuesito,jggjosue@gmail.com,false,false,false,15,false,432,8780,253511,[minify-public]
e7bf7578,e7bf7578d02f4c53a7cca7017dbb5afba555a736,2026-07-03 22:28,2026-07,22,5,Joshuesito,jggjosue@gmail.com,false,false,false,20,false,3,3,27,correccion de videos
5847b577,5847b57790e34a74bab2f71a54ffb0d9df5e9349,2026-07-03 23:03,2026-07,23,5,Joshuesito,jggjosue@gmail.com,false,false,false,11,false,6,17,39,add correos
af28ca36,af28ca36b3fba5cd86650a299efa79ee5bbb6d8a,2026-07-04 12:08,2026-07,12,6,Joshuesito,jggjosue@gmail.com,false,false,false,16,false,3,28,5,add validaciones
02b6ff69,02b6ff690fe15e16ce1d0b5f32a6642cc652d7e8,2026-07-04 18:46,2026-07,18,6,Joshuesito,jggjosue@gmail.com,false,false,false,12,false,40,9710,2910,add rediseño
82ed6faa,82ed6faa6df907ddf583b491a3c8b4fd487b8613,2026-07-04 18:55,2026-07,18,6,Joshuesito,jggjosue@gmail.com,false,false,false,7,false,3,3,3,botones
a2d0f265,a2d0f2651d8c217b75579839c67fdf566a16852c,2026-07-05 22:02,2026-07,22,0,Joshuesito,jggjosue@gmail.com,false,false,false,11,false,3,41,8,add cambios
4c80dd26,4c80dd26211ac4b14fc46805cdf6b125843277f7,2026-07-06 13:06,2026-07,13,1,Joshuesito,jggjosue@gmail.com,false,false,false,26,false,13,148,169,add mejoras en los precios
9893ec07,9893ec07e30af3b37822c1260ce9236f0b8d9b5e,2026-07-06 13:49,2026-07,13,1,Joshuesito,jggjosue@gmail.com,false,false,false,9,false,3,158,93,add email
f2d63ad8,f2d63ad8e92b3e342b354496a176631ecc3d6e0b,2026-07-07 19:55,2026-07,19,2,Joshuesito,jggjosue@gmail.com,false,false,false,3,false,8,92,35,ads
66ee4fa8,66ee4fa866d8a19a1d9e3c654baba68691577591,2026-07-07 19:59,2026-07,19,2,Joshuesito,jggjosue@gmail.com,false,false,false,6,false,3,15,4,adss 2
95fade52,95fade5274843383f9b0154e915f3f7271860162,2026-07-07 21:21,2026-07,21,2,Joshuesito,jggjosue@gmail.com,false,false,false,18,false,1,6,6,Update ad-unit.tsx
ece36f8a,ece36f8ad1ba81d5cc8c7fb984eed5b631e28055,2026-07-07 22:04,2026-07,22,2,Joshuesito,jggjosue@gmail.com,false,false,false,6,false,128,15,72,update
e9ceb08f,e9ceb08fa1f82706c19e0e23ddc158d1972d99f1,2026-07-10 14:39,2026-07,14,5,Joshuesito,jggjosue@gmail.com,false,false,false,11,false,9,34,21,add adsense
a2c71a3f,a2c71a3f9f60f654359d2f37b8df27f20b477c19,2026-07-18 21:00,2026-07,21,6,Joshuesito,jggjosue@gmail.com,false,false,false,9,false,28,23585,887,add plans
b533bf1b,b533bf1b84ade01e1cb9dd85a503f647300baadf,2026-07-18 21:12,2026-07,21,6,Joshuesito,jggjosue@gmail.com,false,false,false,17,false,2,18,0,add cookie banner
